,precision,recall,f1-score,support
accuracy,0.7286377483666151,0.7286377483666151,0.7286377483666151,0.7286377483666151
macro avg,0.6675471617711666,0.6917957812796951,0.6751302672187494,982469.0
weighted avg,0.7305215154243695,0.7286377483666151,0.7288623430805542,982469.0
